line,category,y1929,y1930,y1931,y1932,y1933,y1934,y1935,y1936,y1937,y1938,y1939,y1940,y1941,y1942,y1943,y1944,y1945,y1946,y1947,y1948,y1949,y1950,y1951,y1952,y1953,y1954,y1955,y1956,y1957,y1958,y1959,y1960,y1961,y1962,y1963,y1964,y1965,y1966,y1967,y1968,y1969,y1970,y1971,y1972,y1973,y1974,y1975,y1976,y1977,y1978,y1979,y1980,y1981,y1982,y1983,y1984,y1985,y1986,y1987,y1988,y1989,y1990,y1991,y1992,y1993,y1994,y1995,y1996,y1997,y1998,y1999,y2000,y2001,y2002,y2003,y2004,y2005,y2006,y2007,y2008,y2009,y2010,y2011,y2012,y2013,y2014,y2015,y2016
1,            Personal consumption expenditures,9.915,9.495,8.478,7.477,7.211,7.538,7.724,7.795,8.079,7.895,7.819,7.885,8.375,9.418,10.284,10.875,11.31,12.098,13.324,14.078,13.969,14.136,15.098,15.408,15.613,15.746,15.809,16.126,16.616,17.007,17.262,17.546,17.73,17.939,18.148,18.414,18.681,19.155,19.637,20.402,21.326,22.325,23.274,24.07,25.368,28.009,30.348,32.013,34.091,36.479,39.714,43.978,47.908,50.553,52.729,54.724,56.661,57.887,59.65,61.974,64.641,67.44,69.652,71.494,73.279,74.803,76.356,77.981,79.327,79.936,81.11,83.131,84.736,85.873,87.572,89.703,92.261,94.729,97.102,100.065,100,101.653,104.149,106.121,107.532,109.157,109.481,110.789
2,Goods,15.834,14.991,12.924,11.135,11.043,12.132,12.457,12.506,12.956,12.431,12.243,12.352,13.367,15.578,17.369,18.525,19.373,20.849,23.358,24.736,24.158,24.234,26.19,26.442,26.321,26.221,26.067,26.51,27.339,27.961,28.104,28.324,28.431,28.577,28.815,29.129,29.435,30.083,30.613,31.681,32.908,34.164,35.19,36.091,38.244,43.017,46.492,48.311,50.89,54.014,59.122,65.742,70.626,72.551,73.862,75.259,76.466,76.109,78.557,80.627,83.729,87.158,89.289,90.366,91.151,92.078,92.939,93.96,93.851,92.44,92.925,94.769,94.697,93.806,93.703,95.03,96.951,98.277,99.403,102.362,100,101.637,105.413,106.701,106.116,105.78,102.695,101.209
3,    Durable goods,30.693,28.896,25.801,22.733,22.181,23.513,23.38,23.515,24.483,24.465,24.169,24.413,26.219,30.694,33.48,37.637,39.81,41.454,45.087,47.395,47.719,47.961,51.175,51.494,51.09,49.97,49.777,50.977,52.852,53.813,54.667,54.461,54.599,54.833,55.043,55.291,54.838,54.718,55.597,57.379,58.996,60.269,62.35,63.037,63.97,68.17,74.271,78.333,81.843,86.424,92.152,100.15,106.847,111.015,113.27,114.945,116.162,117.439,120.818,122.811,125.049,126.291,128.143,129.028,130.298,132.848,133.817,132.467,129.574,125.912,122.52,120.339,117.982,115.034,110.885,108.752,107.669,105.915,103.764,101.758,100,98.622,97.725,96.413,94.59,92.395,90.43,88.46
4,        Motor vehicles and parts,12.276,11.826,11.031,10.352,9.705,10.164,10.015,10.061,10.315,10.723,10.477,10.494,11.407,14.614,15.391,16.531,16.799,21.028,23.105,24.892,25.764,25.835,27.157,28.275,27.741,26.78,27.091,28.322,30.107,31.246,32.796,32.182,32.364,32.891,33.15,33.421,33.147,32.923,33.372,34.522,35.217,36.28,38.035,38.13,38.304,40.663,44.681,48.097,50.907,54.436,58.54,62.879,67.743,70.954,73.173,75.264,77.007,79.131,82.752,84.052,86.535,86.814,89.256,90.94,94.522,98.91,102.829,104.892,105.29,104.146,104.462,104.847,105.258,104.705,101.76,100.942,102.49,102.549,101.982,99.653,100,105.735,108.894,110.206,110.764,110.839,110.827,109.656
5,            New motor vehicles (55),18.526,17.993,17.17,16.106,14.551,15.408,15.163,15.285,15.573,16.35,15.939,15.979,17.173,20.436,21.721,24.413,19.045,22.322,25.292,27.657,30.295,30.498,31.8,34.72,35.011,35.575,32.166,33.872,35.822,37.12,38.733,38.232,38.24,38.085,37.857,37.759,36.914,36.234,36.567,37.601,38.189,39.277,40.913,40.614,40.627,42.892,46.751,49.66,52.278,56.223,60.567,65.308,69.184,71.889,73.733,75.878,78.422,81.819,84.236,85.584,87.519,89.399,92.886,95.284,98.053,101.64,104.169,106.202,106.909,106.369,106.306,106.177,105.599,103.874,102.384,101.702,102.212,101.557,100.481,98.964,100,102.072,104.716,106.475,107.714,108.395,109.268,109.603
6,            Net purchases of used motor vehicles (56),0.49,0.511,0.631,0.752,0.716,0.647,0.523,0.45,0.477,0.611,0.582,0.883,1.712,3.112,3.351,3.564,3.883,7.917,8.5,9.167,7.378,7.033,7.249,6.024,4.691,1.636,8.69,8.906,10.177,10.918,12.268,11.806,12.619,14.335,15.42,16.573,17.075,17.654,18.118,19.274,19.889,20.266,22.254,23.442,25.114,27.216,31.328,36.033,38.769,41.291,42.902,43.15,51.779,57.767,65.851,72.623,72.788,71.8,82.126,83.337,88.34,83.528,84.383,85.121,93.648,103.068,112.507,116.049,116.365,113.795,115.233,116.723,118.469,119.608,110.984,109.136,113.016,112.711,111.115,102.777,100,114.468,118.366,117.526,116.487,115.197,112.874,107.944
7,            Motor vehicle parts and accessories (58),31.779,29.569,25.276,23.28,23.754,24.45,24.652,24.77,26.066,25.553,25.218,23.883,24.228,27.763,28.581,30.585,30.632,31.351,32.485,33.13,33.05,33.964,38.373,38.303,37.78,36.963,37.057,37.525,37.85,37.96,37.714,36.565,35.496,35.573,36.151,36.174,37.547,38.328,39.267,40.708,42.025,44.033,45.653,45.957,44.766,47.791,52.12,55.818,59.581,62.354,68.434,76.062,79.918,81.87,79.549,76.484,76.444,76.216,76.831,78.027,79.684,79.962,80.682,81.21,79.885,79.433,79.708,79.576,79.15,78.486,78.106,78.382,80.308,81.735,82.55,82.957,84.902,88.364,91.386,96.206,100,101.923,105.591,108.282,108.484,108.224,108.498,108.433
8,        Furnishings and durable household equipment,25.25,24.281,21.564,18.61,18.664,20.17,20.298,20.437,21.803,21.411,21.25,21.456,23.064,26.665,30.488,35.024,38.002,38.143,40.827,42.546,41.538,42.265,46.579,46.111,46.191,45.973,45.632,46.009,46.782,46.685,46.714,47.127,47.285,47.228,47.252,47.304,46.999,47.388,48.454,50.357,52.156,53.29,54.254,55.025,56.323,60.913,66.968,69.85,72.426,76.09,80.836,87.404,93.864,98.701,101.001,102.225,103.346,104.435,106.085,107.597,107.918,109.01,109.632,110.93,111.519,113.241,113.064,113.385,113.217,113.122,111.651,110.844,108.944,106.693,103.689,102.41,102.43,101.904,101.075,100.39,100,95.761,94.242,93.987,92.062,88.835,86.771,84.515
9,            Furniture and furnishings (parts of 31 and 32),20.681,19.884,17.338,14.526,15.048,16.544,16.354,16.739,18.31,17.717,17.589,18.108,19.879,23.202,26.899,31.341,34.557,34.674,36.982,38.478,37.108,38.211,42.871,41.909,41.892,41.708,41.625,42.439,43.443,43.507,43.524,44.213,44.715,44.82,44.937,45.11,45.13,45.956,47.438,49.252,51.215,52.292,53.188,53.907,55.49,60.32,65.093,67.268,69.813,73.211,77.707,84.692,90.908,95.206,97.339,99.355,101.59,103.181,105.066,107.345,108.015,109.473,110.121,112.109,113.248,115.136,115.758,116.479,116.298,116.298,115.489,114.789,112.656,110.406,107.689,106.37,105.351,104.598,102.665,100.967,100,95.157,93.366,92.774,90.435,87.624,85.907,84.102
10,            Household appliances (part of 33),57.411,54.856,50.692,43.932,41.368,41.747,41.085,41.696,43.197,43.36,42.801,41.267,43.37,49.935,55.419,59.079,62.411,62.281,68.498,72.355,70.248,69.372,74.335,74.28,73.768,72.611,70.244,67.009,66.085,64.473,64.312,63.435,62.14,60.706,59.556,58.89,57.508,56.545,56.591,57.785,59.054,60.512,61.756,62.078,62.14,65.32,72.545,76.572,79.355,83.408,87.952,92.339,97.692,103.686,106.705,106.912,104.558,104.046,104.831,105.063,105.023,104.362,103.258,102.583,102.855,104.143,103.336,103.169,102.677,101.374,99.125,98.123,97.437,96.406,93.437,90.194,92.733,95.05,98.185,99.23,100,95.638,94.361,98.608,96.249,90.851,86.342,81.999
11,"            Glassware, tableware, and household utensils (34)",14.108,13.692,12.414,11.578,11.318,12.542,13.659,12.864,13.065,13.061,13.068,13.074,13.374,15.065,16.948,19.113,19.873,19.737,20.226,20.585,21.29,22.061,24.155,24.733,25.363,25.71,26.2,28.365,29.897,30.75,30.742,31.707,32.1,32.927,34.029,34.656,34.643,35.378,36.411,39.243,40.877,42.164,43.409,45.332,47.914,54.126,63.349,67.371,70.199,75.267,81.467,89.94,98.944,103.086,105.02,105.235,105.672,108.525,111.182,112.025,113.715,115.955,118.633,120.995,120.336,121.934,119.535,118.139,117.377,119.956,117.456,116.057,112.873,108.776,104.449,104.297,103.702,100.071,98.54,99.847,100,97.394,95.498,91.701,90.535,86.846,85.082,82.871
12,            Tools and equipment for house and garden (35),25.194,24.144,21.292,19.032,18.936,20.948,21.012,21.247,23.105,22.775,22.482,22.989,25.003,28.429,30.835,33.79,35.381,37.318,41.275,43.107,41.985,42.795,46.961,46.146,46.788,47.302,48.451,50.438,52.485,53.645,55.167,55.544,57.138,58.101,58.377,57.967,56.931,55.871,55.761,58.043,60.353,60.008,59.463,59.392,59.522,63.236,69.103,71.558,73.061,74.644,78.753,84.154,90.005,96.703,99.006,99.09,102.287,100.538,100.794,100.873,97.318,98.16,99.238,99.113,99.127,100.885,100.91,102.591,104.063,101.489,99.375,99.342,98.8,97.6,95.417,96.444,99.218,100.292,100.511,99.612,100,97.265,98.445,99.648,100.465,99.913,99.741,98.199
13,        Recreational goods and vehicles,262.491,218.646,173.305,142.445,132.846,137.818,136.379,134.849,138.279,137.726,134.458,136.542,139.38,158.735,158.963,172.998,177.752,182.224,210.34,222.527,230.918,228.884,233.624,225.504,222.64,215.489,208.764,211.121,218.566,224.551,218.085,219.572,218.396,216.002,215.571,212.959,210.024,207.694,208.951,213.05,217.957,218.252,226.014,229.291,232.802,243.117,259.208,268.133,275.846,285.744,298.463,315.048,329.175,336.775,332.745,328.035,322.27,312.043,308.099,306.124,305.31,302.833,298.989,289.804,279.406,273.586,262.087,243.51,223.129,204.295,186.497,174.832,162.919,152.363,142.74,135.716,128.357,120.579,112.311,106.669,100,92.854,86.714,81.451,77.02,73.559,70.368,66.789
14,"            Video, audio, photographic, and information processing equipment and media (75, 76, and part of 93)",1903.162,1479.85,1066.653,800.807,731.749,782.347,770.268,761.531,779.258,759.882,732.464,741.905,762.405,903.866,905.858,983.891,989.498,1006.613,1222.519,1293.918,1354.706,1344.423,1340.654,1243.004,1206.714,1148.092,1094.281,1099.014,1137.271,1160.282,1109.003,1110.29,1092.294,1059.821,1046.146,1042.313,1009.659,969.342,955.594,951.186,950.211,950.424,956.287,963.63,962.522,979.805,1008.063,1020.109,1022.573,1037.55,1063.118,1087.874,1107.77,1099.868,1047.331,1000.965,948.005,887.516,857.828,824.196,801.154,765.547,728.772,679.028,631.924,598.616,549.455,478.352,409.743,349.676,300.911,269.585,237.288,210.925,188.534,172.511,156.109,139.591,124.143,112.417,100,89.423,81.053,73.404,67.33,62.919,58.85,53.97
15,"            Sporting equipment, supplies, guns, and ammunition (part of 80)",42.923,42.853,40.466,36.464,35.341,36.381,36.174,35.48,36.885,37.399,36.422,37.736,37.971,43.183,41.233,48.006,50.284,51.404,55.6,58.16,58.328,57.067,61.677,61.76,61.699,60.865,60.301,61.935,63.059,64.531,63.371,63.978,64.519,65.068,65.313,62.731,62.738,64.451,66.84,70.49,73.525,73.767,73.582,72.205,73.123,75.807,80.495,83.087,85.074,87.297,91.089,97.004,102.512,105.45,106.669,106.688,105.086,104.153,105.739,109.485,111.717,115.772,120.256,121.006,119.804,121.688,120.847,119.615,118.628,116.35,110.483,106.497,104.23,101.48,100.633,99.419,98.311,97.049,95.659,97.83,100,97.03,92.544,91.503,89.328,87.142,84.588,83.472
16,            Sports and recreational vehicles (79),19.995,20.007,19.021,17.004,16.065,16.221,15.934,15.249,15.782,16.297,15.971,16.479,16.779,18.803,17.261,19.717,20.363,21.095,23.366,24.197,24.487,23.839,25.799,26.213,26.127,25.861,25.141,25.713,26.343,27.097,26.51,27.117,27.018,27.289,27.645,27.835,27.931,28.365,29.075,30.097,31.324,30.227,33.967,35.188,36.77,40.926,45.136,47.382,50.352,53.446,57.072,62.456,66.385,69.022,69.896,72.313,74.369,74.345,74.713,77.096,79.419,81.367,83.017,84.763,85.658,87.659,90.112,90.871,90.244,90.424,92.516,94.248,95.589,95.132,94.356,94.738,96.292,98.736,98.101,99.095,100,100.434,102.773,104.369,104.863,104.613,104.737,106.211
17,            Recreational books (part of 90),8.615,8.316,7.925,7.609,7.217,7.147,7.148,7.216,7.331,7.446,7.515,7.489,7.584,7.609,8.18,8.409,8.73,9.05,9.781,10.698,11.406,11.569,11.844,12.599,13.151,13.289,13.541,13.723,14.71,15.647,15.902,15.987,16.109,16.217,16.446,16.01,16.343,16.886,17.358,18.255,19.417,20.504,21.731,22.797,23.465,23.914,28.381,32.091,35.085,38.331,41.396,45.478,50.246,55.943,60.039,61.258,65.679,68.663,70.105,72.327,74.967,79.17,81.852,83.861,86.019,87.673,89.174,92.448,93.529,96.11,94.408,94.295,95.383,98.194,97.413,97.61,97.223,96.6,97.417,99.05,100,98.963,96.628,94.757,94.497,93.609,94.087,92.403
18,            Musical instruments (part of 80),79.321,60.73,42.754,31.41,28.479,30.687,30.202,29.928,30.626,29.613,28.447,28.768,29.627,35.431,35.789,38.629,38.622,39.031,48.128,51.24,54.079,53.75,53.231,48.937,47.366,44.832,42.54,42.661,44.233,45.093,42.938,43.891,44.636,45.398,45.981,45.729,45.38,45.288,46.257,48.83,52.396,54.798,57.359,58.272,58.641,61.293,65.933,67.526,68.332,71.305,74.934,80.697,86.337,90.842,91.779,92.157,91.791,92.138,93.596,97.998,101.324,102.392,102.51,103.779,104.673,105.55,103.943,105.013,103.884,103.437,102.041,101.901,102.866,102.796,101.873,100.594,100.448,100.327,97.753,98.95,100,100.168,98.036,98.263,100.59,101.326,101.824,104.02
19,        Other durable goods,19.184,18.836,17.986,16.169,16.212,16.827,16.504,16.855,17.01,16.452,16.588,17.078,18.583,21.434,22.51,25.132,26.127,26.116,27.597,27.905,27.768,27.369,29.049,28.982,29.114,28.515,28.156,28.451,28.638,28.673,28.808,28.888,28.828,28.705,28.857,29.596,29.445,29.436,30.137,30.799,32.324,33.164,34.074,35.177,36.325,39.119,42.093,44.144,46.08,48.638,52.65,63.419,66.908,67.554,69.732,71.221,71.998,73.699,78.716,83.857,87.755,93.287,96.74,99.294,100.058,101.656,103.348,102.732,101.29,99.438,96.935,95.652,95.957,94.577,92.774,92.532,91.949,93.334,95.718,98.866,100,100.43,103.607,104.24,104.031,102.176,99.606,100.842
20,            Jewelry and watches (part of 119),27.596,27.379,27.27,25.574,25.595,24.784,23.805,25.279,24.575,22.976,23.76,25.214,28.613,34.896,35.858,40.801,41.68,40.35,43,41.645,41.404,40.162,42.978,42.701,43.104,41.732,40.495,40.769,40.123,39.615,39.629,39.615,39.593,39.616,39.845,42.295,41.113,39.19,39.665,40.896,43.213,43.959,44.796,45.897,47.52,50.257,53.865,55.633,56.427,59.425,64.838,81.033,84.324,82.348,83.679,84.248,83.402,84.182,90.498,95.401,98.992,104.905,108.178,109.474,108.678,109.367,108.144,104.269,100.213,96.531,94.236,91.584,91.657,89.187,86.121,86.583,85.311,87.406,91.797,98.122,100,102.207,111.006,112.332,112.352,108.075,105.358,111.783
21,            Therapeutic appliances and equipment (42),16.407,16.285,16.154,15.358,14.703,14.654,14.626,14.577,14.661,14.694,14.83,14.935,15.023,15.172,15.647,15.982,16.171,16.523,17.248,17.992,18.535,18.702,19.563,19.807,19.628,19.49,19.781,20.112,20.882,21.176,21.455,21.762,22.026,22.062,22.06,22.187,22.43,22.837,23.452,23.955,24.673,25.713,26.813,27.464,28.125,29.699,32.131,34.092,36.156,38.26,40.417,43.909,47.354,50.549,53.024,55.046,57.248,59.503,62.4,65.063,67.731,70.752,73.607,76.543,78.711,80.224,82.648,83.951,85.14,86.557,87.385,89.228,90.967,91.175,91.464,92.932,94.424,96.563,98.077,98.956,100,99.369,99.977,101.038,101.518,102.18,101.823,102.426
22,            Educational books (96),3.571,3.447,3.285,3.154,2.992,2.963,2.963,2.992,3.039,3.087,3.115,3.105,3.144,3.154,3.391,3.486,3.619,3.752,4.055,4.435,4.729,4.796,4.91,5.223,5.452,5.509,5.614,5.689,6.098,6.487,6.592,6.624,6.62,6.485,6.477,6.48,6.797,7.133,7.365,7.745,8.176,8.486,9.053,9.65,9.965,10.312,10.987,11.729,12.472,13.461,14.32,15.52,17.414,19.67,21.67,23.427,25.404,27.484,29.54,31.609,33.649,36.39,38.278,40.384,41.795,43.305,44.965,47.519,49.832,52.174,54.297,58.077,61.406,65.868,69.598,72.829,75.852,80.639,87.214,93.351,100,104.916,109.852,116.798,123.531,127.892,134.735,141.101
23,            Luggage and similar personal items (part of 119),18.909,18.239,16.068,13.012,13.667,15.901,15.668,15.629,16.515,16.061,15.648,15.817,17.405,20.747,22.852,26.637,29.085,30.217,31.555,33.254,31.999,31.653,33.756,33.086,33.036,32.435,32.139,32.51,32.745,32.783,32.883,32.849,32.352,31.96,32.297,32.025,32.222,34.032,35.408,35.381,37.127,38.073,38.803,40.399,41.777,47.428,51.315,54.762,59.687,62.853,68.439,85.692,89.2,87.141,88.568,89.132,88.258,89.049,95.339,108.474,116.237,127.122,131.956,135.434,135.227,138.626,148.191,148.547,142.267,132.637,117.6,111.257,109.692,106.135,103.766,98.781,97.065,97.413,98.218,99.765,100,98.888,97.505,96.985,95.591,95.083,92.302,89.493
24,            Telephone and facsimile equipment (67),15.666,14.789,12.891,11.004,11.312,12.849,12.932,13.421,14.875,14.655,15.003,15.403,17.251,20.156,23.627,28.033,31.163,30.807,30.585,30.541,29.526,30.239,33.272,32.874,33.277,32.74,32.794,34.185,35.026,35.826,36.567,36.781,36.759,36.011,35.966,35.977,37.755,39.597,40.905,43.005,45.387,47.072,50.281,53.611,55.32,57.309,61.044,65.158,69.109,75.155,79.787,86.407,96.825,109.271,120.224,130.002,140.928,152.485,164.031,175.586,186.895,202.053,212.569,224.255,232.129,240.515,249.807,263.957,276.759,268.709,238.134,215.097,193.055,175.967,156.531,140.746,129.481,117.654,109.197,104.688,100,96.311,92.978,88.032,83.658,77.819,67.689,60.537
25,    Nondurable goods,11.234,10.651,9.106,7.807,7.767,8.591,8.878,8.91,9.22,8.766,8.627,8.702,9.436,10.984,12.291,13.007,13.578,14.711,16.61,17.627,17.053,17.095,18.561,18.76,18.695,18.739,18.617,18.884,19.438,19.911,19.94,20.178,20.263,20.373,20.576,20.851,21.227,21.906,22.306,23.11,24.109,25.194,25.905,26.736,28.891,33.261,35.831,36.998,39.118,41.618,46.103,51.76,55.757,57.022,58.001,59.207,60.315,59.545,61.57,63.527,66.679,70.501,72.559,73.614,74.212,74.607,75.387,77.094,77.899,77.326,79.248,82.651,83.529,83.538,85.264,88.214,91.592,94.438,97.214,102.653,100,103.085,109.188,111.84,111.946,112.689,108.961,107.8
26,        Food and beverages purchased for off-premises consumption,10.132,9.479,7.652,6.256,6.286,7.067,7.628,7.642,7.876,7.277,7.203,7.246,8.017,9.59,11.047,11.343,11.689,12.901,14.855,15.588,14.956,15.027,16.611,17.013,16.682,16.668,16.364,16.482,16.982,17.69,17.507,17.654,17.743,17.877,18.065,18.43,18.802,19.595,19.62,20.215,21.121,22.299,22.807,23.894,26.919,31.012,33.343,33.963,35.964,39.405,43.275,46.913,50.256,51.578,52.17,53.738,54.323,55.601,57.356,59.066,62.181,65.219,67.266,67.783,68.731,69.881,71.396,73.574,74.976,75.918,77.161,78.969,81.271,82.5,84.062,86.686,88.2,89.683,93.182,98.851,100,100.309,104.276,106.677,107.845,109.758,110.95,109.927
27,            Food and nonalcoholic beverages purchased for off-premises consumption (4),8.898,8.357,6.794,5.592,5.652,6.433,6.914,6.914,7.155,6.554,6.493,6.493,7.155,8.598,9.921,9.981,10.281,11.544,13.588,14.43,13.889,14.069,15.632,15.933,15.632,15.632,15.332,15.452,15.933,16.654,16.465,16.602,16.69,16.819,17.009,17.397,17.761,18.564,18.567,19.143,20.049,21.235,21.703,22.817,26.063,30.458,32.792,33.386,35.575,39.147,43.075,46.736,50.12,51.328,51.733,53.372,53.876,55.103,56.947,58.699,61.982,65.07,66.354,66.684,67.737,69.053,70.739,72.96,74.388,75.415,76.6,78.318,80.719,81.893,83.485,86.205,87.79,89.307,93.011,99.113,100,100.284,104.814,107.467,108.604,110.719,112.101,110.716
28,            Alcoholic beverages purchased for off-premises consumption (5),,,,,15.025,14.292,13.983,13.811,13.951,14.086,14.224,14.571,15.476,17.636,19.586,22.049,22.501,23.341,24.016,23.675,23.359,22.805,23.648,25.453,25.034,25.587,25.446,25.691,26.25,26.395,26.635,27.055,27.147,27.275,27.54,27.7,27.864,28.181,28.589,29.234,29.873,30.881,31.766,32.297,32.831,34.861,37.25,38.047,38.64,40.717,43.906,47.568,50.728,52.822,54.803,55.845,57.104,58.74,59.787,61.2,63.075,65.706,73.37,75.389,75.465,75.372,75.573,77.425,78.605,79.016,80.672,83.05,84.725,86.328,87.674,89.661,90.731,92.004,94.19,97.17,100,100.418,101.012,101.949,103.284,104.018,104.238,105.211
29,            Food produced and consumed on farms (6),20.383,18.442,14.03,10.853,10.411,12.001,15.352,15.97,16.499,13.941,13.147,13.5,16.94,21.44,26.119,26.56,28.059,30.088,34.853,36,31.237,29.557,34.85,34.588,33.267,30.528,29.468,28.943,30.001,32.032,30.251,29.438,29.479,29.996,29.125,28.171,31.072,34.254,32.916,34.781,38.157,38.669,39.233,46.161,60.509,53.982,55.175,56.675,56.893,72.827,87.45,84.122,83.669,86.177,81.646,84.993,79.609,80.781,88.227,89.702,94.485,101.905,97.805,94.033,96.512,89.095,88.924,89.607,95.032,84.595,80.9,85.38,91.032,81.286,92.672,104.125,104.567,103.289,113.123,111.37,100,113.058,129.381,134.773,140.473,154.453,136.272,119.482
30,        Clothing and footwear,27.859,26.591,23.231,19.081,19.446,22.545,22.147,22.175,23.34,22.772,22.242,22.494,24.701,29.593,33.071,37.349,40.604,43.969,47.474,50.391,48.221,47.836,52.015,51.135,51.015,51.141,51.003,51.972,52.745,52.97,53.423,54.139,54.452,54.615,55.094,55.613,56.098,57.648,60.024,63.416,66.846,69.333,71.798,73.101,75.528,81.131,84.769,87.489,91.223,92.947,94.765,98.241,101.484,102.971,104.38,104.922,107.174,106.732,109.807,113.34,114.999,118.747,121.007,121.908,121.256,119.216,116.431,115.029,115.065,112.971,111.475,110.148,107.965,105.13,102.526,102.171,101.268,100.872,99.936,99.13,100,99.347,101.089,104.551,105.432,105.583,104.253,103.949
31,            Garments,29.696,28.418,24.91,20.362,21.034,24.769,24.363,24.352,25.651,24.93,24.297,24.561,27.176,32.748,37.016,42.571,46.754,50.426,53.592,56.691,53.956,53.27,57.521,56.626,56.547,56.455,56.139,56.878,57.567,57.695,57.793,58.327,58.615,58.657,59.159,59.777,60.193,61.493,63.925,67.582,71.129,73.553,76.21,77.427,79.862,86.047,89.96,92.727,96.64,98.199,99.073,101.914,104.904,106.282,108.003,108.526,111.177,110.77,114.109,117.534,118.82,122.921,125.217,125.771,124.91,122.607,119.366,117.784,117.988,115.703,114.496,113.19,110.606,107.357,104.476,104.076,102.366,101.723,100.82,99.456,100,98.928,100.989,104.645,105.133,105.245,103.344,102.906
32,                Women's and girls' clothing (10),,,,,,,,,,,,,,,,,,,,,,,,,,,,,,,67.72,68.022,68.141,68.036,68.471,69.046,69.326,70.652,73.663,77.909,81.479,83.962,87.448,88.964,91.477,97.715,101.472,104.142,107.9,109.538,109.913,111.726,113.247,113.312,114.487,114.426,117.144,115.709,120.017,123.361,123.584,128.533,130.31,130.744,129.781,127.034,122.347,119.347,119.205,116.101,114.036,112.43,110.323,107.14,104.611,104.51,102.494,102.421,102.036,99.435,100,99.073,101.234,104.344,104.443,105.105,102.227,102.241
33,                Men's and boys' clothing (11),,,,,,,,,,,,,,,,,,,,,,,,,,,,,,,48.113,48.97,49.558,49.827,50.459,51.181,51.797,53.166,55.075,58.227,61.973,64.504,66.337,67.2,69.642,75.096,78.366,81.145,84.905,86.203,87.598,91.241,95.538,98.421,100.465,101.701,104.004,104.452,106.798,110.3,113.073,115.658,118.754,119.497,119.066,117.277,115.794,115.858,116.802,115.76,115.36,114.176,110.644,107.167,103.851,103.386,102.186,100.47,98.922,99.514,100,98.501,100.819,105.117,106.974,105.906,105.05,104.359
34,                Children's and infants' clothing (12),,,,,,,,,,,,,,,,,,,,,,,,,,,,,,,34.486,34.355,33.134,32.481,32.471,32.585,32.752,33.01,33.371,34.797,35.912,36.595,37.387,38.456,39.736,50.172,60.277,63.53,69.668,72.355,73.797,79.836,86.798,89.953,94.431,95.834,100.079,104.428,104.426,108.213,110.382,116.222,118.304,118.768,115.787,114.481,113.664,115.127,113.245,110.331,112.711,113.995,112.837,110.469,106.68,103.578,101.946,101.76,99.517,99.366,100,99.741,99.691,105.031,102.306,103.294,105.175,101.818
35,            Other clothing materials and footwear (13 and 17),20.048,18.951,16.349,13.653,13.309,14.632,14.31,14.418,15.135,14.966,14.733,14.928,15.949,18.762,20.287,21.685,22.836,25.071,28.744,30.919,30.214,30.503,34.015,33.261,33.051,33.713,34.029,35.506,36.438,36.891,38.202,39.34,39.694,40.17,40.557,40.771,41.424,43.62,45.717,48.17,51.092,53.646,55.426,56.942,59.25,62.825,65.467,67.964,71.014,73.253,78.227,83.821,87.898,89.758,90,90.606,91.312,90.74,92.791,96.717,99.803,102.19,104.3,106.572,106.765,105.782,104.833,104.155,103.512,102.18,99.541,98.134,97.531,96.345,94.847,94.676,97.001,97.587,96.522,97.856,100,101.006,101.488,104.192,106.589,106.892,107.78,107.999
36,        Gasoline and other energy goods,6.458,6.246,5.552,5.419,5.304,5.593,5.546,5.694,5.808,5.704,5.508,5.514,5.769,6.11,6.324,6.459,6.449,6.704,7.533,8.576,8.703,8.799,9.044,9.208,9.56,9.715,9.819,10.125,10.591,10.473,10.621,10.809,10.822,10.877,10.904,10.803,11.172,11.437,11.81,12.026,12.395,12.569,12.774,12.925,14.274,19.85,21.244,22.261,23.85,24.948,33.605,46.728,52.706,50.258,48.316,47.816,47.918,37.62,39.011,39.301,42.785,48.995,48.175,47.808,47.338,47.455,48.091,51.367,51.365,44.786,48.473,62.668,60.508,56.638,66.186,77.761,95.226,107.471,116.409,137.313,100,118.14,149.286,154.395,149.615,145.62,106.829,94.704
37,"            Motor vehicle fuels, lubricants, and fluids (59)",7.966,7.607,6.433,6.691,6.633,6.963,6.977,7.206,7.378,7.177,6.848,6.733,7.035,7.364,7.436,7.451,7.393,7.579,8.496,9.527,9.728,9.742,9.943,10.144,10.573,10.803,10.917,11.247,11.734,11.619,11.784,12.124,12.005,12.08,12.051,11.972,12.425,12.711,13.131,13.324,13.763,13.886,13.987,14.169,15.524,20.971,22.379,23.33,24.681,25.753,34.513,47.9,53.297,50.602,48.947,48.215,48.604,38.173,39.64,39.976,43.666,49.711,49.058,48.867,48.371,48.601,49.373,52.397,52.387,45.605,49.649,63.437,61.162,57.513,66.99,78.774,95.761,108.01,117.118,136.552,100,118.246,149.34,154.678,149.694,145.461,106.973,95.265
38,            Fuel oil and other fuels (29),3.133,3.075,2.896,2.612,2.514,2.667,2.608,2.656,2.694,2.686,2.644,2.721,2.853,3.069,3.247,3.359,3.37,3.555,4.009,4.66,4.683,4.813,5.007,5.079,5.229,5.252,5.308,5.487,5.776,5.692,5.771,5.687,5.898,5.904,6.016,5.906,6.035,6.195,6.387,6.59,6.729,6.989,7.433,7.48,8.572,13.623,14.782,15.855,17.941,18.97,26.153,36.725,44.93,44.061,40.622,41.527,39.907,31.247,32.059,32.045,33.952,40.888,38.928,37.344,37.086,36.412,36.072,40.884,40.951,36.289,36.911,54.117,53.06,47.303,57.197,66.592,88.601,100.725,107.664,146.024,100,116.956,148.768,150.749,148.899,148.204,105.255,87.714
39,        Other nondurable goods,10.175,9.815,9.351,8.833,8.391,8.603,8.593,8.552,8.854,8.71,8.627,8.785,9.056,9.899,10.567,11.18,11.562,12.096,13.763,14.528,14.211,14.274,15.203,15.261,15.488,15.53,15.69,15.959,16.47,16.868,17.143,17.409,17.451,17.508,17.751,18.015,18.265,18.63,19.086,19.817,20.55,21.509,22.333,22.889,23.513,25.826,28.792,30.282,32.037,33.779,35.988,39.275,42.604,45.901,49.063,50.881,52.85,54.954,57.168,59.726,63.026,66.215,69.743,72.368,73.589,74.104,75.416,76.844,77.646,79.108,82.206,84.003,85.949,87.522,87.759,88.795,90.141,92.06,93.361,95.601,100,101.954,103.507,105.29,105.643,106.994,108.409,109.951
40,            Pharmaceutical and other medical products (40 and 41),13.527,13.454,13.21,12.709,12.036,11.57,11.266,11.273,11.359,11.441,11.387,11.375,11.511,11.793,11.86,11.951,12.036,12.281,13.277,14.063,14.289,14.466,14.988,15.182,15.3,15.442,15.599,15.951,16.439,16.999,17.254,17.217,16.793,16.304,16.022,15.942,15.884,15.918,15.804,15.785,15.962,16.288,16.496,16.509,16.527,17.04,18.358,19.436,20.661,22.142,23.65,25.739,28.564,31.57,34.353,36.912,39.534,42.026,44.481,47.082,50.263,54.107,58.272,61.599,63.428,64.916,65.4,66.933,68.012,69.713,72.723,75.459,79.028,82.493,84.84,87.256,89.824,93.392,94.732,96.89,100,103.628,107.272,110.711,111.234,114.473,118.919,123.762
41,"            Recreational items (parts of 80, 92, and 93)",22.633,22.08,19.168,15.609,15.877,18.665,20.153,19.633,22.628,19.826,18.199,19.076,19.15,23.398,26.194,29.593,30.861,31.896,34.876,38.433,37.415,36.958,39.259,40.556,39.784,38.807,39.729,39.605,40.425,40.936,41.002,41.748,42.418,43.12,43.743,44.657,44.707,45.039,46.041,48.163,50.446,52.327,54.346,55.72,56.712,59.558,63.46,65.555,67.271,69.999,74.371,81.867,88.693,92.965,94.536,95.761,97.24,98.428,101.244,104.921,108.828,111.575,114.011,115.43,115.284,116.155,116.641,117.792,117.159,114.867,111.029,109.008,108.053,105.617,102.412,101.831,99.146,98.615,98.009,99.784,100,96.743,94.903,93.617,91.81,89.338,87.016,83.863
42,            Household supplies (parts of 32 and 36),15.238,14.544,12.56,10.802,11.006,11.622,11.588,11.512,11.77,11.195,10.845,10.983,11.95,14.35,15.774,17.265,18.215,19.452,24.772,25.865,22.891,22.801,25.156,23.445,23.4,23.595,23.64,23.847,24.475,24.875,25.064,25.335,25.271,25.193,25.294,25.286,25.386,25.77,26.449,27.211,27.813,28.894,29.971,30.475,31.202,36.506,43.85,46.952,50.589,53.484,57.241,62.597,67.693,72.064,74.765,76.376,78.603,79.934,82.043,84.031,87.221,89.434,91.299,91.553,91.488,91.608,93.257,94.27,94.274,94.709,95.564,97.867,99.805,99.514,96.321,95.508,96.161,96.926,95.967,97.857,100,98.902,98.984,99.389,97.776,96.288,94.782,93.534
43,            Personal care products (part of 118),17.772,17.439,16.845,16.443,16.365,14.994,14.77,14.798,15.048,15.087,14.996,14.851,15.34,16.661,16.946,17.702,18.009,18.789,22.448,23.103,22.338,21.755,24.068,23.339,23.441,23.362,23.554,24.286,25.061,26.105,26.293,26.273,26.213,26.457,26.543,26.576,26.472,26.14,26.595,27.404,28.64,29.357,30.313,31.114,31.934,35.456,39.923,42.217,44.587,46.804,49.823,53.953,58.867,63.504,67.005,69.099,71.099,73.226,74.645,76.986,79.878,82.789,85.513,87.455,88.76,90.017,90.688,90.965,91.169,92.541,93.871,95.11,96.033,95.872,94.934,95.058,95.262,96.102,97.556,98.171,100,99.033,98.425,99.36,99.123,100.057,100.007,99.804
44,            Tobacco (127),2.73,2.575,2.622,2.622,2.325,2.403,2.38,2.364,2.426,2.442,2.481,2.551,2.613,2.691,2.863,2.957,3.089,3.191,3.433,3.565,3.643,3.714,3.831,4.002,4.197,4.229,4.267,4.353,4.494,4.58,4.761,4.919,4.959,4.998,5.15,5.272,5.496,5.792,6.009,6.388,6.729,7.292,7.6,8.015,8.238,8.638,9.254,9.647,10.111,10.67,11.288,12.148,13.101,14.541,17.354,18.466,19.525,20.832,22.273,24.256,27.319,30.092,33.556,36.391,37.696,36.18,37.074,38.202,39.895,43.364,53.991,57.804,59.918,63.366,64.425,65.661,69.065,71.412,76.124,80.87,100,110.879,114.662,117.462,120.72,124.379,128.169,132.635
45,"            Magazines, newspapers, and stationery (part of 90)",6.67,6.571,6.36,6.235,5.989,6.039,6.024,6.083,6.236,6.413,6.465,6.546,6.55,6.935,7.462,7.827,7.94,8.202,8.962,9.746,10.167,10.403,10.861,11.354,11.697,11.79,12.121,12.428,13.15,13.76,13.963,14.2,14.412,14.65,15.277,16.108,16.598,17.175,17.847,18.808,19.561,20.785,22.095,22.496,23.275,27.079,30.308,31.649,33.438,34.759,36.884,40.432,44.092,47.308,49.95,51.545,53.303,54.771,56.309,58.146,60.405,62.514,66.453,69.907,72.041,74.37,78.436,81.936,83.71,85.594,86.55,86.937,88.01,89.082,89.485,89.968,91.537,92.879,94.126,96.092,100,100.838,101.48,104.981,109.242,112.419,113.213,113.902
46,            Net expenditures abroad by U.S. residents (131),,,,,,,,,,,,,,,,,,,,,,,,,,,,,,,,,,,,,,,,,,,,,,,,,,,,,,,,,,,,,,,,,,,,,,,,,,,,,,,,,,,,,,,,
47,Services,7.24,7.033,6.537,5.906,5.535,5.464,5.584,5.675,5.886,5.891,5.876,5.922,6.131,6.564,6.974,7.295,7.533,7.99,8.573,9.025,9.179,9.415,9.878,10.239,10.637,10.905,11.093,11.359,11.691,11.978,12.301,12.628,12.856,13.101,13.302,13.55,13.804,14.205,14.677,15.312,16.109,17.003,17.932,18.693,19.6,21.261,23.091,24.691,26.553,28.617,31.008,34.216,37.704,40.638,43.169,45.417,47.677,49.619,51.073,53.501,55.966,58.473,60.698,62.831,65.006,66.763,68.594,70.462,72.428,73.922,75.404,77.502,79.88,81.969,84.533,87.058,89.933,92.976,95.981,98.947,100,101.661,103.524,105.84,108.276,110.929,113.065,115.878
48,    Household consumption expenditures (for services),6.95,6.754,6.283,5.669,5.307,5.224,5.342,5.427,5.625,5.636,5.62,5.666,5.864,6.275,6.665,6.971,7.198,7.625,8.158,8.582,8.73,8.95,9.381,9.735,10.12,10.374,10.55,10.796,11.106,11.378,11.688,12.038,12.258,12.494,12.685,12.929,13.167,13.545,13.996,14.604,15.359,16.218,17.103,17.829,18.685,20.233,21.97,23.505,25.282,27.257,29.523,32.587,35.966,38.929,41.54,43.837,46.123,48.113,49.597,52.051,54.647,57.341,59.753,62.124,64.466,66.272,68.154,70.032,71.954,73.332,74.762,76.768,79.075,81.216,83.958,86.624,89.528,92.645,95.712,98.768,100,101.778,103.679,106.113,108.575,111.167,113.208,115.983
49,        Housing and utilities,11.55,11.242,10.659,9.662,8.781,8.112,8.137,8.271,8.579,8.795,8.777,8.8,8.917,9.107,9.155,9.226,9.322,9.478,9.782,10.304,10.603,10.924,11.344,11.783,12.319,12.654,12.849,13.043,13.275,13.53,13.749,14.008,14.195,14.347,14.5,14.628,14.753,14.957,15.214,15.562,16.061,16.76,17.619,18.286,19.107,20.164,21.75,23.324,25.39,27.183,29.38,32.457,36.037,39.36,41.907,44.039,46.359,48.564,50.311,52.303,54.41,56.774,58.657,60.295,62.037,63.639,65.36,67.293,69.126,70.755,72.439,74.885,78.361,80.636,83.182,85.516,88.551,92.277,95.513,98.869,100,100.249,101.652,103.433,106.004,109.067,111.838,115.123
50,            Housing,11.667,11.336,10.691,9.572,8.591,7.834,7.87,8.048,8.424,8.69,8.685,8.713,8.862,9.088,9.146,9.224,9.336,9.552,9.914,10.525,10.874,11.246,11.738,12.238,12.864,13.254,13.446,13.676,13.932,14.211,14.451,14.681,14.884,15.066,15.252,15.407,15.56,15.795,16.099,16.494,17.039,17.767,18.592,19.262,20.082,20.834,22.183,23.634,25.625,27.383,29.497,32.207,35.487,38.407,40.716,42.837,45.395,48.082,50.268,52.524,54.705,57.277,59.086,60.704,62.358,64.111,66.093,68.094,70.005,72.22,74.223,76.524,79.543,82.73,84.828,86.965,89.214,92.341,95.654,98.253,100,100.058,101.399,103.531,105.957,108.774,112.101,115.919
51,                Rental of tenant-occupied nonfarm housing (20),11.877,11.56,10.945,9.828,9.178,7.911,7.911,8.097,8.47,8.749,8.75,8.786,8.935,9.121,9.14,9.158,9.196,9.252,9.549,10.183,10.63,11.002,11.449,11.914,12.547,12.993,13.179,13.421,13.664,13.924,14.115,14.325,14.51,14.689,14.853,14.983,15.138,15.352,15.618,16.003,16.512,17.205,17.99,18.618,19.436,20.154,21.503,22.94,24.888,26.592,28.66,31.323,34.567,37.443,39.767,42.022,44.791,47.586,49.726,51.753,53.816,56.157,58.232,59.806,61.271,62.741,64.235,65.895,67.755,69.816,71.859,74.39,77.608,80.564,82.807,84.902,87.457,90.577,94.416,97.821,100,100.135,101.788,104.518,107.372,110.59,114.377,118.52
52,                Imputed rental of owner-occupied nonfarm housing (21),12.286,11.957,11.322,10.166,8.761,8.202,8.183,8.376,8.761,9.049,9.051,9.088,9.241,9.455,9.454,9.474,9.511,9.57,9.878,10.532,10.994,11.379,11.842,12.323,12.996,13.44,13.632,13.882,14.133,14.402,14.598,14.823,15.006,15.181,15.349,15.498,15.646,15.866,16.158,16.553,17.076,17.787,18.607,19.26,20.092,20.85,22.236,23.716,25.738,27.509,29.65,32.404,35.746,38.784,41.134,43.245,45.788,48.509,50.751,53.074,55.283,57.935,59.62,61.226,62.864,64.633,66.774,68.892,70.899,73.196,75.191,77.428,80.397,83.667,85.711,87.664,89.693,92.818,95.957,98.372,100,99.987,101.15,103.203,105.469,108.264,111.415,115.094
53,                Rental value of farm dwellings (22),7.118,6.77,6.092,5.256,4.89,5.132,5.48,5.556,5.857,5.957,5.904,5.874,5.986,6.375,6.817,7.412,8.19,9.91,10.818,11,10.093,10.335,11.195,11.984,12.085,11.643,11.825,11.725,12.043,12.515,13.587,14.003,14.596,14.897,15.493,15.935,16.121,16.781,17.606,18.075,19.303,20.663,21.92,23.323,23.754,24.568,24.662,25.263,26.538,28.229,29.711,31.082,32.215,31.208,31.497,31.803,31.4,30.67,30.962,33.769,36.353,38.849,41.49,44.204,49.654,55.277,57.561,59.439,56.978,57.469,59.05,60.805,63.118,65.55,68.148,80.5,90.188,93.627,98.666,98.722,100,102.844,108.834,103.878,107.683,102.884,107.786,113.67
54,                Group housing (23),9.24,9.059,8.574,7.828,7.03,6.624,6.619,6.748,7.07,7.259,7.325,7.234,7.344,7.751,8.076,8.196,8.3,8.488,8.935,9.466,9.876,10.201,10.873,11.346,11.858,12.228,12.555,12.943,13.433,13.796,14.124,14.34,14.439,14.598,14.807,14.943,15.164,15.386,15.625,15.883,16.53,17.168,17.914,18.512,19.27,20.246,21.594,22.962,24.813,26.611,28.674,31.331,34.21,36.968,39.27,41.501,44.21,46.988,49.132,51.134,53.192,55.474,57.53,59.073,60.534,61.976,63.513,65.19,67.088,69.217,71.327,73.917,77.183,80.237,82.608,84.805,87.354,90.491,94.333,97.776,100,100.231,101.96,104.652,107.598,110.972,114.917,119.286
55,            Household utilities,11.032,10.883,10.701,10.49,10.249,10.144,10.104,9.954,9.857,9.786,9.685,9.679,9.627,9.619,9.612,9.642,9.656,9.497,9.508,9.604,9.666,9.76,9.864,10.039,10.193,10.3,10.507,10.561,10.701,10.86,10.995,11.359,11.485,11.527,11.557,11.586,11.608,11.695,11.779,11.952,12.277,12.86,13.825,14.474,15.291,17.485,19.957,21.982,24.31,26.216,28.713,33.175,37.908,42.811,46.28,48.438,49.763,49.947,49.833,50.711,52.486,53.95,56.128,57.831,59.937,60.864,61.419,63.025,64.497,63.438,63.634,66.742,72.389,70.237,74.923,78.203,85.165,91.99,94.822,102.235,100,101.294,103.044,102.808,106.216,110.697,110.192,110.232
56,                Water supply and sanitation (25),3.278,3.278,3.278,3.171,2.886,2.921,3.064,3.064,3.064,3.064,3.028,3.1,3.064,3.1,3.099,3.171,3.242,3.314,3.456,3.563,3.598,3.812,3.955,4.311,4.561,4.81,5.273,5.415,5.843,6.199,6.451,6.655,6.83,7.006,7.22,7.327,7.507,7.785,7.965,8.345,8.91,9.616,10.638,11.032,11.626,12.332,13.53,15.044,16.673,18.61,19.485,20.827,23.343,26.149,28.357,30.268,32.132,33.996,36.009,38.143,40.594,43.46,46.81,50.147,52.916,55.52,57.311,59.36,60.825,62.794,64.185,65.76,67.658,69.844,72.408,76.714,80.738,84.716,89.001,94.238,100,106.27,111.76,117.966,123.29,127.864,133.654,138.63
57,                Electricity and gas,14.378,14.135,13.842,13.613,13.526,13.312,13.083,12.838,12.68,12.566,12.441,12.36,12.312,12.265,12.255,12.238,12.199,11.896,11.806,11.874,11.943,11.953,12.024,12.093,12.191,12.231,12.328,12.348,12.387,12.483,12.585,13.005,13.116,13.117,13.087,13.09,13.06,13.086,13.143,13.257,13.517,14.074,15.039,15.778,16.678,19.38,22.295,24.514,27.1,29.048,32.071,37.556,43.051,48.684,52.602,54.872,56.036,55.641,54.764,55.195,56.732,57.688,59.449,60.587,62.47,62.813,62.922,64.368,65.84,63.645,63.389,67.075,74.139,70.337,75.812,78.717,86.714,94.549,96.86,105.043,100,99.613,100.126,97.754,100.535,104.974,102.542,101.094
58,                    Electricity (27),19.485,18.869,18.147,17.601,17.399,16.915,16.409,15.879,15.545,15.311,15.06,14.898,14.805,14.713,14.692,14.66,14.585,14.01,13.842,13.971,14.099,14.118,14.25,14.378,14.561,14.636,14.82,14.857,14.931,15.119,15.319,15.546,15.604,15.605,15.546,15.494,15.436,15.436,15.546,15.663,16.006,16.524,17.617,18.478,19.624,23.184,26.167,27.889,29.74,31.6,34.009,39.395,45.292,49.781,51.411,54.696,56.656,57.395,57.224,58.007,59.633,61.02,63.295,64.524,65.789,65.814,67.299,68.415,68.78,66.12,65.603,66.664,71.39,70.697,72.368,73.711,78.291,87.767,91.208,97.039,100,100.167,101.838,101.816,104.012,107.843,108.501,107.33
59,                    Natural gas (28),8.597,8.597,8.597,8.597,8.597,8.597,8.597,8.597,8.597,8.597,8.597,8.597,8.597,8.597,8.597,8.597,8.597,8.597,8.597,8.597,8.597,8.597,8.597,8.597,8.597,8.597,8.597,8.597,8.597,8.597,8.597,9.139,9.285,9.285,9.285,9.337,9.337,9.384,9.384,9.483,9.634,10.176,10.916,11.458,12.005,13.484,16.152,18.919,22.462,24.496,28.415,33.973,38.72,46.233,54.161,54.516,54.166,51.545,49.211,48.905,50.245,50.29,50.921,51.86,55.038,56.067,53.114,55.274,59.115,58.011,58.428,68.953,82.137,70.028,85.944,93.168,111.013,113.829,112.725,127.841,100,98.039,95.089,85.564,90.094,96.245,84.997,82.72
60,        Health care,2.608,2.615,2.431,2.142,2.111,2.188,2.314,2.362,2.426,2.474,2.457,2.535,2.598,2.764,2.983,3.204,3.347,3.631,4.023,4.249,4.309,4.4,4.601,4.828,5.057,5.233,5.417,5.61,5.842,6.069,6.243,6.663,6.813,6.986,7.183,7.428,7.659,8,8.51,9.046,9.684,10.416,10.953,11.418,11.957,13.093,14.565,15.969,17.3,18.76,20.589,23.082,25.901,28.816,31.452,33.806,35.856,37.988,40.432,43.584,47.416,51.462,55.439,59.336,62.507,65.047,67.42,69.007,70.389,71.716,73.29,75.354,77.882,79.883,82.918,85.984,88.718,91.41,94.79,97.352,100,102.517,104.4,106.305,107.841,109.087,109.728,111.011
61,            Outpatient services,3.913,4.008,3.709,3.177,3.178,3.279,3.489,3.56,3.633,3.775,3.736,3.873,3.944,4.172,4.519,4.833,4.971,5.221,5.531,5.771,5.836,5.875,6.024,6.321,6.657,6.939,7.209,7.5,7.775,8.037,8.303,8.499,8.665,8.918,9.13,9.372,9.678,10.227,10.883,11.49,12.317,13.177,14.052,14.524,14.996,16.324,18.259,20.139,21.922,23.641,25.677,28.495,31.447,34.132,36.612,39.039,41.442,44.151,46.913,50.077,53.408,56.92,60.25,63.64,66.649,69.726,72.114,73.25,75.192,77.054,78.825,80.725,83.253,84.402,86.172,88.364,90.576,92.222,95.643,97.768,100,102.197,103.617,104.919,105.783,106.805,106.818,107.753
62,                Physician services (44),3.793,3.878,3.593,3.092,3.106,3.206,3.407,3.478,3.536,3.664,3.636,3.765,3.836,4.05,4.408,4.695,4.81,5.037,5.31,5.525,5.553,5.581,5.724,6.04,6.355,6.612,6.912,7.214,7.514,7.771,8.029,8.225,8.418,8.662,8.858,9.103,9.395,9.987,10.666,11.258,12.086,12.969,13.841,14.283,14.732,16.104,18.063,20.116,21.973,23.774,25.98,28.728,31.869,34.862,37.592,40.204,42.54,45.632,48.992,52.5,56.35,60.404,63.962,67.981,71.765,75.361,78.325,78.874,79.934,81.647,83.459,84.908,87.323,87.215,88.577,90.364,91.99,92.814,96.622,97.64,100,102.446,104.011,105.277,105.493,106.141,104.926,105.15
63,                Dental services (45),3.23,3.321,3.071,2.587,2.565,2.633,2.824,2.87,2.97,3.094,3.061,3.184,3.218,3.432,3.67,3.962,4.131,4.377,4.694,4.94,5.087,5.142,5.276,5.447,5.76,6.02,6.145,6.335,6.493,6.684,6.853,6.989,7.027,7.23,7.425,7.627,7.877,8.131,8.54,9.004,9.644,10.182,10.839,11.278,11.647,12.513,13.819,14.725,15.813,16.911,18.331,20.514,22.471,24.211,25.833,27.93,29.695,31.343,33.47,35.716,37.903,40.377,43.354,46.227,48.609,50.89,53.342,55.803,58.389,60.873,63.719,66.623,69.324,72.416,75.38,79.095,83.486,87.832,92.355,97.1,100,102.743,105.095,107.503,111.196,113.504,116.385,119.682
64,                Paramedical services (46),4.515,4.617,4.261,3.703,3.704,3.856,4.059,4.161,4.212,4.415,4.314,4.466,4.616,4.82,5.277,5.632,5.733,5.986,6.341,6.595,6.647,6.697,6.851,7.205,7.559,7.916,8.27,8.625,8.931,9.286,9.73,9.98,10.222,10.536,10.785,11.024,11.399,12.107,12.922,13.676,14.59,15.712,16.736,17.255,17.888,19.51,21.952,24.418,26.688,28.745,30.705,34.167,37.375,39.866,42.293,44.19,47.269,49.823,51.375,54.317,57.219,60.228,63.271,65.776,67.808,70.479,71.939,73.189,76.016,77.741,78.86,80.871,83.446,85.485,87.27,89.352,91.463,93.197,95.498,98.251,100,101.591,102.428,103.372,104.177,105.3,106.172,107.396
65,            Hospital and nursing home services,1.62,1.53,1.44,1.35,1.29,1.35,1.41,1.44,1.5,1.47,1.47,1.5,1.56,1.68,1.8,1.95,2.1,2.43,2.94,3.18,3.24,3.39,3.66,3.84,3.99,4.08,4.2,4.32,4.53,4.74,4.845,5.474,5.619,5.734,5.928,6.187,6.368,6.559,6.973,7.464,7.981,8.624,8.962,9.406,9.961,10.958,12.14,13.25,14.304,15.574,17.218,19.441,22.072,24.979,27.59,29.823,31.611,33.349,35.542,38.623,42.719,47.078,51.472,55.711,58.983,61.103,63.449,65.379,66.321,67.229,68.642,70.826,73.347,76.033,80.117,83.929,87.114,90.713,94.057,96.996,100,102.786,105.056,107.466,109.567,111.001,112.171,113.748
66,                Hospitals (51),1.517,1.432,1.348,1.264,1.208,1.264,1.32,1.348,1.404,1.376,1.376,1.404,1.461,1.573,1.685,1.826,1.966,2.275,2.753,2.977,3.034,3.174,3.427,3.595,3.736,3.82,3.932,4.045,4.241,4.438,4.537,5.154,5.291,5.401,5.578,5.824,5.996,6.174,6.563,7.021,7.513,8.116,8.425,8.849,9.38,10.296,11.431,12.524,13.56,14.761,16.347,18.55,21.19,24.194,26.92,29.251,31.119,32.973,35.274,38.559,42.985,47.67,52.503,57.284,60.906,63.116,65.35,66.927,67.482,67.979,69.155,70.988,73.092,75.749,80.158,84.069,87.267,91.082,94.252,97.05,100,102.949,105.181,107.77,110.106,111.571,112.541,113.876
67,                Nursing homes (52),2.47,2.333,2.196,2.058,1.967,2.059,2.15,2.196,2.287,2.242,2.241,2.287,2.379,2.562,2.745,2.973,3.202,3.705,4.483,4.849,4.94,5.169,5.581,5.855,6.084,6.221,6.404,6.587,6.907,7.228,7.389,7.744,7.929,8.077,8.418,8.761,9.006,9.297,9.885,10.617,11.301,12.233,12.772,13.363,14.094,15.653,17.179,18.401,19.577,21.34,23.39,25.741,28.287,30.443,32.21,33.82,35.143,36.22,37.814,39.784,42.18,44.991,47.38,49.171,50.905,52.641,55.474,58.859,61.385,63.994,66.411,70.13,74.539,77.364,79.894,83.24,86.357,88.915,93.102,96.728,100,101.969,104.431,105.927,106.815,108.086,110.329,113.26
68,        Transportation services,7.742,7.68,7.292,6.729,6.345,6.469,6.612,6.575,6.538,6.585,6.61,6.492,6.612,7.013,7.171,7.132,7.224,7.467,8.023,8.606,9.198,9.611,10.298,10.681,11.181,11.557,11.833,12.235,12.689,13.052,13.435,13.735,14.136,14.441,14.503,14.694,14.948,15.219,15.788,16.5,17.516,18.869,20.195,20.964,21.891,23.767,26.394,28.363,30.331,32.339,35.214,40.874,45.846,48.385,50.222,52.204,53.234,53.767,56.046,58.666,61.245,63.586,65.331,67.188,69.525,70.372,71.926,72.833,74.447,75.759,76.888,79.195,80.084,80.469,82.2,83.421,86.461,90.024,92.097,97.022,100,102.024,104.758,106.782,108.313,109.507,109.909,111.161
69,            Motor vehicle services,8.454,8.186,7.704,6.739,6.048,6.241,6.445,6.443,6.457,6.454,6.442,6.423,6.702,7.27,7.31,7.401,7.457,7.72,8.347,8.832,9.083,9.267,9.933,10.252,10.821,11.183,11.403,11.8,12.224,12.469,12.751,12.955,13.261,13.418,13.564,13.713,13.969,14.174,14.722,15.419,16.312,17.403,18.54,19.28,20.309,22.249,24.944,26.684,28.614,30.833,33.828,37.311,40.727,43.758,45.661,47.235,48.593,50.42,52.501,54.551,56.767,58.956,61.242,63.136,65.062,66.991,68.692,70.026,71.008,72.362,73.854,75.92,78.421,80.509,81.958,83.114,85.543,88.535,90.951,95.045,100,100.645,101.981,103.221,104.319,105.461,106.839,108.569
70,                Motor vehicle maintenance and repair (60),7.552,7.303,6.856,5.962,5.324,5.5,5.696,5.699,5.715,5.715,5.698,5.679,5.93,6.45,6.519,6.61,6.662,6.876,7.447,7.859,8.054,8.233,8.841,9.073,9.555,9.895,10.11,10.501,10.876,11.055,11.291,11.488,11.789,11.942,12.09,12.238,12.489,12.692,13.239,13.94,14.838,15.938,17.087,17.837,18.833,20.732,23.381,25.078,26.964,29.153,31.972,35.244,38.455,41.269,43.001,44.366,45.529,46.906,48.638,50.586,52.609,54.651,56.952,59.035,60.758,62.366,63.794,65.432,67.116,68.753,70.643,72.887,75.422,78.184,80.392,82.269,85.042,88.622,91.634,96.071,100,101.918,104.032,105.87,107.537,109.342,111.271,113.175
71,                Other motor vehicle services (61),13.666,13.401,12.896,11.841,11.045,11.313,11.393,11.33,11.289,11.245,11.327,11.331,11.752,12.486,12.091,12.101,12.155,12.92,13.756,14.914,15.824,15.891,16.783,18.054,19.36,19.718,19.826,19.984,20.74,21.699,22.393,22.507,22.61,22.684,22.68,22.739,22.85,22.937,23.097,23.273,23.551,23.898,24.268,24.522,25.385,26.805,28.684,30.051,31.511,33.001,36.33,40.256,44.096,47.781,50.409,53.13,55.518,60.122,64.182,66.296,69.247,71.81,73.401,73.972,76.582,79.616,82.192,82.526,81.59,82.236,82.751,84.418,86.874,87.191,86.452,85.481,86.928,88.377,89.343,92.637,100,97.534,96.959,96.761,96.573,96.324,96.617,97.995
72,            Public transportation,8.212,8.239,7.853,7.408,7.13,7.231,7.355,7.296,7.228,7.306,7.354,7.166,7.199,7.561,7.766,7.691,7.802,8.06,8.624,9.343,10.3,10.996,11.776,12.277,12.732,13.165,13.554,13.996,14.539,15.155,15.773,16.3,16.938,17.608,17.466,17.771,18.029,18.48,19.127,19.907,21.265,23.311,25.163,26.037,26.766,28.617,31.265,33.866,36.041,37.683,40.457,51.516,60.619,61.948,63.668,66.796,66.878,63.625,66.482,70.779,74.433,77.222,77.461,79.235,82.787,80.373,81.463,81.018,84.651,85.813,85.8,88.833,84.881,80.252,82.784,84.182,88.913,94.103,95.189,102.484,100,105.75,112.408,116.679,119.456,120.794,118.441,118.333
73,                Ground transportation (63),4.767,4.786,4.562,4.304,4.142,4.203,4.275,4.24,4.2,4.25,4.275,4.168,4.186,4.394,4.512,4.466,4.537,4.698,5.024,5.433,6.009,6.44,6.922,7.233,7.526,7.821,8.095,8.398,8.776,9.107,9.477,9.713,10.026,10.386,10.538,10.808,11.012,11.408,12.02,12.659,13.449,14.952,16.2,16.911,17.173,18.125,19.87,21.494,22.992,24.224,26.029,30.13,35.305,38.836,40.731,43.207,44.839,47.991,49.344,51.269,52.823,55.377,58.046,60.403,61.163,61.724,62.416,67.057,68.134,68.708,68.72,70.466,72.652,74.553,78.759,82.501,85.911,90.138,91.453,95.952,100,104.329,109.372,112.83,119.08,118.914,117.689,120.137
74,                Air transportation (64),30.979,21.496,21.426,18.919,18.873,16.03,16.888,16.903,16.917,14.915,16.064,15.109,15.275,16.718,17.455,18.411,17.184,16.117,17.525,20.046,20.384,20.046,20.237,20.478,20.455,20.151,19.87,19.854,19.856,21.225,22.099,23.647,25.187,26.485,24.575,24.464,24.572,24.631,24.662,25.187,27.108,29.185,31.356,32.111,33.436,36.198,39.421,42.752,45.308,47.096,50.537,68.369,80.67,78.818,80.021,83.446,81.924,73.094,77.017,83.041,88.212,91.044,89.19,90.343,96.098,91.237,92.548,88.233,93.573,94.938,95.057,99.556,91.694,82.471,84.412,84.459,90.229,96.386,97.389,107.383,100,107.236,115.856,121.414,121.296,124.133,120.558,117.855
75,                Water transportation (65),28.331,27.704,27.851,27.688,27.489,28.065,27.637,28.136,28.136,26.799,27.24,27.011,27.955,28.57,29.385,30.561,30.542,30.55,30.496,32.229,31.094,30.768,30.768,30.768,30.091,30.322,30.091,30.333,30.333,30.333,31.408,32.66,33.373,33.842,34.699,35.089,36.181,37.595,38.757,40.535,43.262,46.766,49.253,51.452,53.711,58.149,63.57,68.475,73.504,79.066,83.075,88.894,93.6,97.495,100.884,103.979,107.77,113.267,116.14,117.833,122.36,127.852,133.062,137.273,141.102,144.221,148.633,152.492,156.567,164.411,159.228,142.399,128.86,123.746,113.507,111.686,113.034,112.655,112.048,110.194,100,101.134,100.205,97.459,97.041,96.322,97.139,104.33
76,        Recreation services,6.955,6.825,6.52,6.207,5.853,5.897,5.981,6.097,6.32,6.437,6.38,6.436,6.669,7.022,7.541,8.469,8.89,9.465,10.197,10.569,10.757,10.845,11.205,11.613,12.144,12.672,13.095,13.485,13.984,14.512,14.859,15.411,15.838,16.215,16.566,17.029,17.376,17.833,18.458,19.446,20.272,21.207,22.14,22.708,23.514,25.145,26.999,28.335,29.69,31.466,33.544,36.08,38.38,40.472,42.229,44.054,45.956,47.732,49.582,51.484,54.044,56.994,59.958,61.818,63.798,65.161,66.597,68.815,71.04,72.799,75.138,78.044,80.6,82.922,85.467,87.722,90.19,93.249,95.861,98.848,100,101.075,102.816,105.631,107.448,109.427,111.214,113.926
77,"            Membership clubs, sports centers, parks, theaters, and museums (82)",5.649,5.577,5.337,5.086,4.762,4.782,4.844,4.953,5.13,5.224,5.183,5.246,5.431,5.7,6.157,7.01,7.391,7.779,8.257,8.44,8.587,8.656,8.925,9.13,9.515,9.968,10.369,10.653,11.053,11.472,11.761,12.387,12.886,13.317,13.743,14.316,14.78,15.359,16.043,17.023,18.011,19.263,20.248,20.905,21.722,23.345,25.189,26.695,28.227,30.131,32.071,34.244,36.185,38.216,40.138,41.993,43.931,46.042,47.998,49.767,52.468,55.235,58.027,59.582,61.198,63.27,64.751,67.04,69.162,70.882,74.155,77.629,80.596,82.8,85.863,87.907,90.212,93.473,96.407,98.913,100,100.358,100.355,102.795,104.368,106.152,108.774,111.682
78,"            Audio-video, photographic, and information processing equipment services (parts of 77 and 93)",11.645,10.764,9.935,9.224,8.924,9.159,9.403,9.503,9.892,9.995,9.873,9.912,10.089,10.786,11.374,11.989,12.299,12.881,14.425,14.925,15.255,15.819,16.871,17.879,18.917,19.827,20.416,21.207,21.961,22.853,23.361,23.688,23.926,24.138,24.253,24.375,24.25,24.11,24.545,25.528,25.665,25.612,26.215,26.406,26.791,27.761,29.248,30.014,30.629,31.915,33.652,36.054,38.16,40.021,41.401,43.104,45.096,46.855,48.738,50.828,53.366,56.685,60.438,62.966,65.846,66.07,67.227,69.897,73.277,75.813,77.499,79.692,81.762,85.158,87.503,89.719,91.496,94.387,95.839,98.093,100,100.976,102.983,107.154,109.544,111.782,113.434,117.045
79,            Gambling (91),4.877,4.852,4.593,4.376,4.457,4.605,4.691,4.603,4.879,5.209,5.032,4.888,5.424,5.858,6.074,6.549,6.864,8.495,9.967,11.601,11.865,11.385,11.153,12.182,12.822,13.057,13.139,13.469,14.068,14.578,14.979,15.201,15.364,15.545,15.74,15.949,16.197,16.687,17.147,17.879,18.848,19.954,20.802,21.483,22.836,25.336,27.653,29.269,31.159,33.289,36.408,40.365,44.118,46.7,48.62,50.607,52.316,53.278,55.046,57.081,59.51,62.506,64.797,66.495,68.217,69.683,71.384,73.313,74.875,75.987,77.672,80.265,82.522,83.848,85.773,88.056,91.011,93.958,96.646,100.325,100,101.649,104.86,107.005,108.532,110.328,110.46,111.868
80,"            Other recreational services (81, 94, and part of 92)",8.258,8.135,8.107,8.006,7.872,7.986,8.035,8.148,8.324,8.275,8.319,8.34,8.443,8.824,9.137,9.686,9.915,10.384,11.149,11.758,11.708,11.738,12.274,12.608,12.869,12.998,13.094,13.453,13.679,13.96,14.057,14.32,14.449,14.678,14.859,15.252,15.709,16.333,16.953,18.078,19.002,19.753,21.189,21.865,22.65,24.436,26.35,27.686,29.17,30.777,32.636,35.001,37.191,39.224,40.774,42.371,43.993,45.608,46.874,48.388,50.502,52.802,55.066,56.387,57.625,59.083,60.49,61.893,63.142,64.621,66.763,70.264,73.396,75.903,78.812,81.818,85.143,88.22,92.1,96.495,100,102.313,105.84,108.536,110.637,113.168,116.283,119.554
81,        Food services and accommodations,6.322,5.933,5.118,4.321,4.179,4.497,4.836,4.844,5.016,4.781,4.684,4.739,5.167,6.039,6.775,7.066,7.302,8.122,9.066,9.479,9.224,9.387,10.092,10.318,10.228,10.343,10.32,10.437,10.781,11.055,11.45,11.759,11.996,12.294,12.559,12.754,13.006,13.508,14.257,15.001,15.899,17.074,17.985,18.65,19.925,22.23,24.232,25.836,27.707,30.129,33.382,36.615,39.885,42.166,43.987,45.971,47.948,49.913,51.929,54.162,56.615,59.206,61.57,62.877,64.111,65.236,66.775,68.575,70.609,72.502,74.376,76.458,78.64,80.542,82.247,84.974,87.695,90.649,94.158,97.821,100,101.33,103.877,106.808,108.938,111.894,115.011,117.975
82,            Food services,6.372,5.959,5.103,4.282,4.165,4.527,4.892,4.894,5.064,4.806,4.7,4.762,5.213,6.121,6.888,7.19,7.435,8.295,9.282,9.698,9.408,9.567,10.29,10.511,10.395,10.501,10.462,10.571,10.917,11.193,11.6,11.921,12.166,12.481,12.766,12.968,13.225,13.755,14.529,15.288,16.196,17.391,18.332,19.03,20.374,22.813,24.9,26.526,28.427,30.824,34.078,37.271,40.527,42.654,44.465,46.335,48.189,50.158,52.05,54.19,56.636,59.236,61.522,62.769,63.911,64.946,66.372,68.005,69.891,71.616,73.395,75.25,77.568,79.692,81.451,83.912,86.522,89.297,92.585,96.639,100,101.34,103.833,106.893,109.24,111.84,114.899,117.86
83,                Purchased meals and beverages (102),6.297,5.881,5.046,4.235,4.121,4.473,4.83,4.827,4.995,4.747,4.642,4.704,5.086,5.885,6.604,6.886,7.094,8.17,9.162,9.539,9.245,9.351,9.957,10.182,10.142,10.341,10.401,10.573,10.932,11.191,11.604,11.926,12.17,12.485,12.769,12.97,13.225,13.751,14.529,15.288,16.194,17.389,18.333,19.028,20.365,22.796,24.879,26.5,28.396,30.787,34.03,37.212,40.462,42.587,44.396,46.266,48.122,50.095,51.983,54.125,56.568,59.165,61.46,62.709,63.853,64.888,66.314,67.947,69.834,71.567,73.35,75.23,77.588,79.716,81.441,83.908,86.527,89.296,92.593,96.658,100,101.3,103.765,106.82,109.123,111.737,114.809,117.685
84,                Food furnished to employees (including military) (103),6.633,6.312,5.269,4.417,4.279,4.725,5.142,5.215,5.393,5.029,4.919,4.975,6.29,8.257,9.425,9.881,10.348,9.82,10.77,11.706,11.458,12.326,14.501,14.695,13.71,12.738,11.484,10.771,10.945,11.453,11.784,12.098,12.36,12.687,12.985,13.203,13.5,14.13,14.847,15.616,16.577,17.809,18.724,19.475,21.01,23.695,25.9,27.652,29.711,32.273,35.825,39.324,42.779,44.997,46.881,48.789,50.636,52.532,54.534,56.667,59.203,61.896,63.891,65.068,66.153,67.168,68.603,70.219,72.117,73.55,75.148,76.051,76.829,78.795,81.847,84.108,86.347,89.327,92.315,96.009,100,102.657,106.095,109.327,113.219,115.278,117.88,123.918
85,            Accommodations (104),6.747,6.615,6.26,5.716,5.134,4.837,4.833,4.927,5.163,5.3,5.348,5.282,5.363,5.66,5.897,5.985,6.06,6.198,6.524,6.912,7.212,7.449,7.939,8.285,8.659,8.929,9.167,9.451,9.809,10.074,10.313,10.493,10.627,10.717,10.748,10.87,11.066,11.26,11.768,12.375,13.189,14.183,14.798,15.152,15.79,16.88,18.121,19.509,21.086,23.696,26.891,30.446,33.797,37.397,39.29,42.233,45.19,47.086,50.078,53.015,55.485,57.964,60.931,62.702,64.654,66.494,68.905,71.984,75.075,78.164,80.712,84.418,85.547,85.696,86.96,91.624,95.106,99.268,104.242,105.341,100,101.266,104.15,106.3,107.145,112.175,115.626,118.61
86,        Financial services and insurance,7.474,7.301,6.638,5.909,5.636,5.836,6.088,6.363,6.641,6.483,6.435,6.618,6.793,7.256,7.585,7.9,8.2,9.067,9.453,9.947,10.127,10.325,10.452,11.087,12.347,12.791,13.172,13.59,14.045,14.263,15.079,15.739,16.271,16.941,16.96,17.67,18.12,19.212,19.653,21.108,22.995,24.176,25.625,27.195,27.838,30.068,32.293,33.597,36.178,40.952,43.183,46.524,50.04,52.928,58.03,61.699,66.88,67.884,64.651,67.743,69.707,70.707,70.303,72.645,76.497,77.946,79.641,82.364,85.64,85.681,85.043,85.9,85.579,87.674,91.508,95.008,97.947,100.576,103.496,104.619,100,103.993,106.511,111.737,117.429,123.514,127.896,135.14
87,            Financial services,9.576,9.328,8.417,7.498,7.09,7.045,7.733,8.154,8.501,8.305,8.209,8.597,8.812,9.251,9.727,10.344,10.58,12.083,13.07,13.709,14.312,14.939,15.505,15.976,18.464,19.174,20.717,22.56,23.074,22.624,24.214,25.6,26.366,27.972,27.829,29.355,29.546,31.808,32.324,34.36,39.027,40.772,41.831,43.87,44.876,51.25,56.461,56.517,58.28,67.81,73.14,80.491,85.604,86.994,94.263,96.595,107.18,109.65,102.149,103.744,100.779,96.704,92.975,93.666,96.863,96.488,95.95,96.322,99.154,97.061,93.797,93.376,91.77,93.221,96.131,99.358,102.181,104.993,108.481,109.213,100,104.421,106.642,113.635,121.239,130.171,136.448,146.499
88,                Financial services furnished without payment (107),9.684,8.982,7.427,5.959,5.43,5.35,6.166,6.685,7.059,6.61,6.502,6.933,7.186,7.679,8.315,9.138,9.54,11.465,12.399,12.936,13.58,14.704,15.49,16.069,19.707,20.536,22.893,25.285,25.642,24.517,26.691,27.997,28.773,29.527,27.221,29.779,31.076,33.682,35.34,35.47,42.317,45.115,44.398,46.152,48.496,57.577,62.736,61.656,63.706,74.391,80.574,86.662,89.825,87.989,97.294,100.523,114.135,115.077,105.816,107.288,101.03,93.906,87.358,87.086,91.118,93.386,90.925,91.041,93.941,93.067,91.017,94.952,94.54,96.864,100.48,103.56,107.049,111.126,114.039,113.937,100,105.699,107.074,114.289,121.198,131.068,140.553,157.324
89,"                Financial service charges, fees, and commissions (108)",9.772,10.052,10.2,10.551,10.406,10.431,10.767,10.961,11.244,11.666,11.616,11.803,11.852,11.99,11.919,11.999,11.898,12.557,13.588,14.402,14.875,14.541,14.721,14.982,15.251,15.719,15.973,16.893,17.595,18.112,18.835,20.182,20.858,23.319,26.108,26.057,24.826,26.466,25.736,29.526,31.088,31.12,35.223,37.688,35.973,36.177,41.578,44.567,45.63,52.375,55.619,65.862,75.02,83.064,85.772,86.086,89.943,95.441,91.637,93.418,96.983,98.852,100.543,103.019,104.612,99.54,102.462,103.277,105.948,102.077,97.283,92.042,89.199,89.773,91.997,95.371,97.544,99.177,103.156,104.627,100,103.071,106.225,112.979,121.351,129.22,131.73,133.86
90,            Insurance,4.266,4.181,3.83,3.406,3.269,3.483,3.52,3.658,3.82,3.727,3.709,3.774,3.877,4.181,4.357,4.479,4.694,5.068,5.14,5.421,5.427,5.443,5.418,5.854,6.366,6.584,6.541,6.469,6.739,7.027,7.358,7.599,7.88,8.076,8.126,8.381,8.729,9.136,9.402,10.196,10.676,11.294,12.362,13.275,13.598,13.883,14.477,15.789,17.872,19.611,20.144,21.167,23.065,25.522,28.45,31.872,33.39,33.448,33.119,36.6,41.007,44.707,46.258,49.26,53.044,55.653,58.992,63.656,67.195,69.567,72.165,74.753,76.194,79.133,84.184,88.018,91.086,93.433,95.509,97.212,100,103.286,106.274,108.67,111.269,112.989,114.598,117.786
91,                Life insurance (110),3.936,3.818,3.543,3.11,2.913,3.07,3.11,3.228,3.385,3.267,3.228,3.307,3.425,3.7,3.936,4.172,4.291,4.606,4.802,5.157,5.393,5.668,6.062,6.259,6.574,6.731,6.889,7.203,7.479,7.755,8.125,8.47,8.722,9.017,9.226,9.575,9.818,10.17,10.524,11.133,11.686,12.388,12.933,13.609,14.354,15.403,16.515,17.813,19.45,21.092,22.641,24.513,26.096,27.675,29.77,31.641,34.593,37.589,40.308,42.728,44.616,47.21,49.063,51.859,53.776,55.367,57.434,61.044,64.332,67.906,71.252,76.448,76.724,82.54,85.717,89.666,93.029,95.548,98.474,98.481,100,102.078,103.35,104.746,109.182,111.448,113.459,116.793
92,                Net household insurance (111),1.955,1.876,1.776,1.753,1.794,1.859,1.911,1.883,1.96,1.907,1.89,1.928,2.054,2.18,2.346,2.504,2.567,2.675,2.979,3.174,3.269,3.347,3.565,3.784,3.894,4.041,4.12,4.214,4.309,4.436,4.638,4.6,4.661,4.75,5.052,5.562,6.421,7.205,8.028,8.588,9.075,9.587,10.612,11.037,11.015,9.939,10.1,11.935,13.371,13.666,14.593,16.352,17.965,19.978,21.844,22.815,24.192,26.661,28.157,29.982,31.582,32.287,33.385,34.554,37.185,40.046,44.803,48.553,53.757,54.536,57.897,62.119,68.136,72.595,80.749,87.013,91.692,94.15,96.008,97.583,100,103.032,105.943,109.184,112.606,115.979,119.656,122.303
93,                Net health insurance (112),4.605,4.656,3.678,3.156,3.491,4.24,4.402,4.832,5.162,5.238,5.278,5.273,5.251,5.8,6.07,5.91,6.576,7.051,6.71,6.514,5.518,5.131,4.227,4.734,5.475,5.972,5.661,5.11,5.375,5.44,5.683,5.822,6.276,6.476,6.267,6.4,6.734,7.099,7.174,8.598,8.83,9.053,10.489,12.023,12.067,11.88,11.925,12.416,15.431,17.838,16.607,16.546,19.223,23.516,27.79,33.329,33.068,28.679,24.574,28.97,36.073,41.707,42.37,44.509,48.942,51.867,56.416,62.27,67.26,68.513,69.849,72.048,74.118,75.121,80.388,84.379,87.798,90.95,93.454,96.474,100,104.314,107.876,110.222,111.709,112.72,113.416,115.699
94,                Net motor vehicle and other transportation insurance (116),4.428,4.505,4.568,4.599,4.579,4.629,4.458,4.392,4.332,4.29,4.387,4.413,4.528,4.654,4.263,4.186,4.179,4.755,4.837,5.606,6.418,6.226,6.411,7.301,7.997,7.991,7.892,7.683,7.993,8.659,9.073,9.319,9.467,9.496,9.579,9.803,10.318,10.872,11.208,11.47,12.207,13.322,14.756,15.16,15.276,15.264,15.98,18.674,19.927,20.847,22.731,24.114,25.071,25.753,27.925,30.696,32.936,36.099,38.206,41.501,44.865,46.869,49.74,55.29,61.673,65.6,68.455,72.497,73.19,76.234,80.45,79.775,80.918,84.596,91.093,94.043,95.635,95.753,95.665,96.933,100,102.833,107.153,111.105,113.545,116.043,119.226,124.926
95,        Other services,5.861,5.654,5.242,4.821,4.604,4.672,4.725,4.799,5.041,5.006,5.064,5.105,5.34,5.815,6.492,7.171,7.623,7.976,8.522,8.949,9.148,9.369,9.85,10.211,10.588,10.765,10.934,11.312,11.693,12.004,12.349,12.693,12.838,13.047,13.33,13.627,13.977,14.381,14.84,15.497,16.247,17.03,18.035,18.958,20.073,22.244,23.838,25.328,26.63,28.027,30.061,32.792,36.149,38.963,41.162,43.257,44.833,47.184,48.328,50.356,52.249,54.344,56.958,59.387,61.442,63.734,65.812,67.712,69.609,71.029,72.77,74.166,76.485,79.411,82.368,85.066,88.213,91.171,93.734,97.544,100,102.393,104.23,106.441,108.75,110.697,112.018,113.72
96,            Communication,28.783,28.778,28.626,28.594,28.577,28.412,28.406,28.2,28.088,27.936,27.849,27.988,28.389,30.001,31.187,32.301,32.887,33.12,34.183,36.024,37.48,40.016,41.116,42.801,44.253,43.897,43.614,44.217,45.092,46.429,47.651,48.518,48.722,48.777,49.712,49.993,49.436,48.547,49.277,50.124,50.897,51.461,54.757,57.879,59.274,62.554,64.559,68.355,69.166,70.475,70.69,71.771,79.233,87.459,92.342,98.308,101.825,104.915,102.71,102.716,102.959,102.722,104.874,105.072,105.532,107.444,107.886,108.156,108.758,107.907,105.764,102.611,101.466,102.14,101.963,100.312,99.383,99.287,96.514,98.075,100,99.919,98.706,98.857,99.053,99.068,97.497,97.175
97,                Telecommunication services (71),35.564,35.819,35.953,36.019,35.845,35.338,35.13,34.936,34.464,34.464,34.417,34.482,34.658,36.566,37.743,38.847,39.494,39.493,40.103,42.155,43.962,47.311,48.299,50.096,51.851,51.04,50.477,51.111,52.099,53.648,54.903,55.769,55.96,55.955,55.971,56.048,55.253,54.037,54.751,54.755,55.476,56.124,58.879,62.193,63.785,66.479,68.626,71.067,71.875,72.684,72.435,73.658,80.678,88.885,94.489,101.372,104.351,107.708,105.112,103.863,103.694,103.374,104.209,104.275,104.781,106.963,106.539,106.727,107.236,105.918,103.417,100.027,98.106,98.394,97.652,95.982,95.101,95.6,97.191,98.675,100,99.269,97.516,97.695,97.077,96.279,94.144,93.688
98,                Postal and delivery services (68),3.978,3.818,3.606,3.539,3.624,3.772,3.884,3.822,3.998,3.871,3.825,3.906,4.154,4.427,4.774,5.101,5.23,5.447,6.071,6.476,6.657,6.811,7.249,7.701,7.914,8.203,8.37,8.548,8.74,8.995,9.402,9.724,9.816,9.906,11.368,11.737,11.829,11.924,12.246,13.888,14.303,14.407,16.841,17.879,18.13,20.957,21.589,27.242,27.675,29.953,31.611,31.711,37.176,41.625,41.73,41.847,45.475,46.212,46.36,50.756,52.464,52.696,59.755,60.688,60.951,61.198,66.8,67.036,67.24,67.689,69.932,70.579,73.756,77.756,81.882,83.497,84.503,89.42,92.254,97.09,100,104.634,109.732,113.628,121.623,125.316,125.6,125.693
99,                Internet access (72),,,,,,,,,,,,,,,,,,,,,,,,,,,,,,,,,,,,,,,,,,,,,,,,,,,,,,,,,,,197.728,200.358,189.543,180.58,166.958,153.989,140.309,123.092,117.154,120.561,125.267,134.039,129.929,125.841,128.187,129.31,130.41,127.22,125.069,119.115,95.7,96.615,100,100.651,99.709,99.341,100.272,101.405,100.662,100.526
100,            Education services,2.187,2.193,2.097,2.043,1.852,1.887,1.873,1.888,1.932,1.943,1.948,1.945,2.036,2.147,2.348,2.512,2.603,2.792,3.039,3.257,3.312,3.385,3.58,3.619,3.678,3.754,3.838,4.029,4.173,4.282,4.438,4.539,4.631,4.748,4.863,4.982,5.153,5.384,5.607,5.863,6.222,6.652,7.007,7.369,7.928,8.969,9.756,10.467,11.149,11.736,12.764,14.185,15.848,17.635,19.144,20.797,22.368,23.911,25.598,27.506,29.463,31.504,34.126,37.019,39.767,42.17,44.533,46.892,49.154,51.393,53.958,56.597,59.625,63.468,68.393,74.24,79.707,84.766,89.571,94.766,100,104.691,109.634,114.556,118.969,122.906,126.802,130.097
101,                Higher education (97),2.012,2.012,1.933,1.836,1.7,1.739,1.719,1.739,1.777,1.797,1.797,1.778,1.836,1.934,2.09,2.227,2.344,2.501,2.656,2.793,2.832,2.891,3.028,3.048,3.067,3.145,3.223,3.341,3.419,3.458,3.632,3.727,3.819,3.965,4.11,4.264,4.449,4.673,4.911,5.209,5.559,5.949,6.321,6.671,7.037,7.644,8.211,8.777,9.355,9.87,10.659,11.674,13.121,14.888,16.437,18.12,19.77,21.366,22.978,24.725,26.682,28.837,31.764,35.18,38.481,41.176,43.65,46.13,48.475,50.524,52.522,54.696,57.479,61.401,66.549,72.849,78.308,83.553,88.782,94.319,100,105.194,110.387,115.704,120.586,125.053,129.385,132.869
102,"                Nursery, elementary, and secondary schools (98)",1.717,1.675,1.59,1.695,1.442,1.463,1.463,1.463,1.505,1.505,1.505,1.526,1.632,1.717,1.864,2.031,2.136,2.303,2.573,2.862,2.923,3.027,3.252,3.334,3.457,3.539,3.641,3.804,3.966,4.108,4.203,4.311,4.416,4.471,4.522,4.548,4.654,4.834,4.966,5.097,5.413,5.881,6.171,6.486,7.379,8.892,9.903,10.77,11.412,11.789,12.84,14.394,16.032,17.81,19.292,20.942,22.546,24.225,26.186,28.404,30.598,32.962,35.513,38.083,40.618,42.973,45.633,47.88,50.34,53.564,56.786,60.503,64.203,68.36,72.519,76.836,81.429,86.084,90.545,95.448,100,103.803,107.409,110.843,114.478,118.309,122.907,126.965
103,                Commercial and vocational schools (99),4.702,4.834,4.609,4.298,3.983,4.038,4.012,4.049,4.126,4.131,4.183,4.179,4.382,4.646,5.207,5.505,5.427,5.852,6.536,7.011,7.142,7.204,7.629,7.653,7.74,7.788,7.855,8.525,8.988,9.404,9.63,9.728,9.726,9.859,9.988,10.21,10.47,10.872,11.255,11.604,12.085,12.562,12.91,13.398,14.084,16.577,18.047,19.154,20.518,22.073,24.443,27.993,30.839,32.147,32.895,33.895,34.552,35.244,36.617,38.674,40.223,41.218,42.571,43.624,44.324,45.604,47.137,49.221,50.973,52.82,56.701,59.899,63.149,66.423,71.312,76.985,83.366,88.097,91.625,95.821,100,103.567,108.715,113.437,116.778,118.889,120.695,122.727
104,            Professional and other services (121),2.918,2.824,2.598,2.368,2.225,2.251,2.316,2.385,2.488,2.462,2.479,2.509,2.661,2.818,2.982,3.292,3.534,3.616,4,4.216,4.359,4.485,4.772,5.039,5.258,5.451,5.672,5.962,6.257,6.484,6.65,6.819,6.953,7.076,7.225,7.485,7.759,7.958,8.283,8.611,9.178,9.9,10.549,11.286,12.118,13.212,14.175,15.046,16.011,17.113,18.625,21.135,23.813,26.6,29.756,32.179,34.059,36.13,38.636,40.253,42.399,45.135,47.61,49.86,51.842,53.795,55.828,58.057,60.488,63.304,66.261,69.451,72.821,76.137,79.56,83.106,86.374,89.868,93.542,97.341,100,103.204,106.233,108.716,111.612,114.082,116.661,120.299
105,            Personal care and clothing services (14 and parts of 17 and 118),5.676,5.634,5.503,5.191,4.958,4.981,4.946,4.911,5.161,5.26,5.249,5.247,5.422,5.937,6.476,7.001,7.192,7.609,8.249,8.661,8.835,8.979,9.612,9.846,10.13,10.24,10.479,10.908,11.363,11.631,11.924,12.397,12.496,12.679,12.982,13.285,13.67,14.35,15.064,15.785,16.619,17.45,18.008,18.338,19.25,21.199,22.939,24.45,26.055,28.336,31.367,34.903,38.293,40.81,42.629,44.719,46.705,48.435,50.212,52.341,54.883,57.063,59.169,60.73,62.478,64.025,65.451,66.872,68.937,70.054,71.906,74.265,77.273,79.111,81.027,83.35,86.452,89.492,92.661,97.047,100,102.116,104.094,106.354,109.032,110.905,113.23,115.623
106,            Social services and religious activities (120),6.192,5.94,5.472,5.124,5.014,5.274,5.359,5.502,5.794,5.685,5.684,5.692,5.88,6.334,6.701,6.948,7.162,7.847,9.056,9.699,9.755,10.108,10.878,10.943,11.163,11.4,11.645,12.088,12.521,12.775,13.114,13.309,13.425,13.561,13.788,13.959,14.273,14.637,15.008,15.634,16.596,17.219,18.102,18.954,20.015,22.83,24.877,26.321,28.021,29.897,32.824,37.074,40.571,42.372,43.473,44.916,45.929,47.196,48.91,51.67,54.144,56.469,58.899,60.854,62.593,64.349,66.409,68.351,70.203,72.415,74.612,77.996,80.241,82.727,84.942,86.994,90.166,93.113,96.153,98.608,100,101.828,104.153,105.775,107.961,110.429,113.139,115.966
107,"            Household maintenance (parts of 31, 33, and 36)",4.109,3.819,3.351,2.903,2.72,2.792,2.862,2.973,3.262,3.096,3.168,3.254,3.494,4.035,5.109,6.171,6.956,7.43,7.79,8.031,8.075,8.127,8.566,9.139,9.542,9.719,9.78,10.009,10.352,10.665,11.099,11.67,11.824,12.109,12.323,12.682,13.209,13.866,14.384,15.599,16.69,17.967,19.01,19.896,21.116,23.174,25.048,27.699,29.69,31.905,34.933,37.882,41.218,43.858,45.195,46.781,48.527,49.837,50.919,52.58,53.929,55.348,58.347,60.428,62.204,63.374,65.468,67.405,69.131,71.053,73.218,76.399,79.722,82.376,84.55,86.693,90.229,93.604,96.047,99.322,100,100.221,101.095,103.532,105.442,107.939,111.387,115.418
108,            Net foreign travel,,,,,,,,,,,,,,,,,,,,,,,,,,,,,,,,,,,,,,,,,,,,,,,,,,,,,,,,,,,,,,,,,,,,,,,,,,,,,,,,,,,,,,,,
109,                Foreign travel by U.S. residents (129),12.436,11.506,9.596,7.926,8.124,8.517,8.904,9.252,9.518,9.714,10.421,10.417,10.226,10.137,10.289,10.898,13.556,14.215,13.883,14.838,15.231,15.089,14.749,14.548,15.577,16.149,16.018,16.437,16.489,16.613,17.206,16.862,16.992,17.462,17.893,18.254,18.987,19.686,19.544,20.404,20.86,21.169,23.16,24.595,26.908,32.571,35.82,36.528,38.737,40.378,44.96,50.602,53.667,51.489,49.718,47.847,46.405,51.069,50.022,53.125,53.638,56.668,60.383,63.323,63.625,65.476,67.201,68.894,69.728,68.069,70.039,70.556,71.429,73.786,78.64,82.797,88.617,92.759,99.112,107.086,100,105.188,109.792,112.482,113.282,114.974,109.576,106.727
110,                Less: Expenditures in the United States by nonresidents (130),6.454,6.447,5.931,5.483,5.146,5.636,6.081,6.381,6.484,5.987,5.769,6.085,6.102,6.644,6.104,6.251,6.708,8.045,9.274,9.94,9.924,10.054,10.818,11.098,11.245,11.299,11.331,11.511,11.917,12.273,13.119,13.278,13.443,13.582,13.733,13.948,14.155,14.569,14.993,15.612,16.442,17.438,18.105,18.723,19.783,21.498,23.155,24.873,26.58,28.89,31.675,35.548,39.292,42.46,44.605,47.12,49.382,51.023,53.524,55.637,57.514,60.713,64.59,66.246,67.181,67.826,68.883,70.693,72.429,73.375,75.333,78.921,79.648,79.758,82.196,85.812,89.973,94.195,97.879,102.573,100,103.439,108.741,111.843,113.184,115.632,114.644,115.591
111,    Final consumption expenditures of nonprofit institutions serving households (NPISHs)1,24.654,23.712,21.68,20.146,19.389,20.457,20.61,21.168,22.275,21.687,21.722,21.694,22.743,24.678,26.473,27.682,28.638,31.591,36.748,39.586,39.925,41.516,44.994,45.09,45.902,47.061,48.274,50.511,52.792,54.166,55.154,51.448,51.982,52.718,53.562,53.771,55.275,57.306,59.156,61.401,65.295,68.143,71.952,74.925,79.755,91.299,99.685,104.855,112.035,119.387,131.067,143.257,150.362,142.523,131.821,126.093,123.315,119.263,116.968,115.616,108.061,98.986,91.535,83.178,78.736,78.58,78.503,79.864,83.25,88.899,92.092,97.17,101.711,102.151,99.609,98.123,100.153,101.089,102.417,103.124,100,98.946,99.934,99.494,101.353,105.382,109.702,113.388